name,phone,email,id,type
Abbie Olford,0149805724,ksharrocks0@yelp.com,1,Janitor
Abeu Le Clercq,0654429913,bstruthers1@hibu.com,2,Janitor
Al MacCaghan,0786881412,wchanning2@last.fm,3,Janitor
Anabal Micka,0475457233,bspinola3@sitemeter.com,4,Janitor
Ansell Wills,0927510975,lveel4@wsj.com,5,Janitor
Ashely Tonge,0128385059,mpedro5@wikipedia.org,6,Janitor
Bartholomew Giannini,0079174708,tbernath6@soundcloud.com,7,Janitor
Bartholomew Huntall,0158962586,cloos7@hostgator.com,8,Janitor
Beauregard Haisell,0315413542,hsinnock8@cnbc.com,9,Janitor
Berkie Lilleycrop,0824735681,evercruysse9@slate.com,10,Janitor
Blaine Spinola,0814386362,pspurwaya@netscape.com,11,Janitor
Brandy Zanicchi,0316346620,gsedgmanb@godaddy.com,12,Janitor
Bren Struthers,0223698825,hfrippsc@chicagotribune.com,13,Janitor
Brigham Scott,0682436823,jgrunderd@51.la,14,Janitor
Caresse Jordin,0366708080,psadliere@yandex.ru,15,Janitor
Carina Loos,0839868172,aolfordf@shutterfly.com,16,Janitor
Cheryl Rappport,0053565704,ggusneyg@marriott.com,17,Janitor
Chris Seldner,0463830428,lhethronh@google.cn,18,Janitor
Christie Reynoldson,0746290095,dboutellieri@weebly.com,19,Janitor
Cleon Lillyman,0474123235,raccombj@xinhuanet.com,20,Janitor
Corinne Langshaw,0512610573,pscayk@tinyurl.com,21,Janitor
Cortney Owlner,0897167364,ranticl@chron.com,22,Janitor
Curtis Giovannelli,0057734383,atongem@booking.com,23,Janitor
Dalia Unwin,0475519703,sdaintithn@pbs.org,24,Janitor
Ddene Parncutt,0625152815,fkryskao@hud.gov,25,Janitor
Dewey Dallinder,0827083421,okeirp@wordpress.com,26,Janitor
Diego Priscott,0878749799,egrahameq@ibm.com,27,Janitor
Dru Boutellier,0931963491,clangshawr@prnewswire.com,28,Janitor
Earvin Grahame,0807309771,wboshiers@liveinternet.ru,29,Janitor
Eduino Meni,0123911809,lgilyattt@cnbc.com,30,Janitor
Emelyne Vercruysse,0126076727,ngrelkau@indiegogo.com,31,Janitor
Ermina Attrie,0252628878,alev@jiathis.com,32,Janitor
Eziechiele Maryska,0583869130,bscottw@seesaa.net,33,Janitor
Frasco Kryska,0372783680,kshotboltx@archive.org,34,Janitor
Gavin Sedgman,0175878972,ddallindery@newsvine.com,35,Janitor
Gianni Goodram,0604380623,yexterz@fda.gov,36,Janitor
Giustina Tenby,0363102434,rrosini10@acquirethisname.com,37,Janitor
Greer Bonehill,0926483793,cgiovannelli11@cisco.com,38,Janitor
Greggory Gusney,0646497120,blilleycrop12@deviantart.com,39,Janitor
Guthry Hoys,0803356087,tcooke13@webs.com,40,Janitor
Hollie Fripps,0808009329,slandis14@sun.com,41,Janitor
Hoyt Sinnock,0265940580,mallwell15@gnu.org,42,Janitor
Jillane McConnal,0502466519,cjordin16@ucoz.com,43,Janitor
Joel Savary,0065763820,sogorman17@sogou.com,44,Janitor
Jojo Leedes,0662586104,pfirsby18@discuz.net,45,Janitor
Jorey Grunder,0195394537,bzanicchi19@4shared.com,46,Janitor
Joshua Hellard,0766120731,nscotfurth1a@psu.edu,47,Janitor
Kendra Shotbolt,0826566975,jsavary1b@imageshack.us,48,Janitor
Kenon Sharrocks,0731244822,dunwin1c@umn.edu,49,Janitor
Kettie Bascomb,0018223771,cowlner1d@tamu.edu,50,Janitor
Kinna Thorpe,0749506023,rkumaar1e@harvard.edu,51,Janitor
Lanna Gilyatt,0671091206,msilkstone1f@washington.edu,52,Collector
Latisha McCabe,0112824748,jleedes1g@examiner.com,53,Collector
Layney Veel,0041672014,kthorpe1h@whitehouse.gov,54,Collector
Leonard Caig,0634951775,tbernardotti1i@theglobeandmail.com,55,Collector
Leslie Blagdon,0557443976,ptrevers1j@mac.com,56,Collector
Linet Ironside,0924895279,bhuntall1k@prlog.org,57,Collector
Lorelei Hethron,0187702148,sduberry1l@techcrunch.com,58,Collector
Lorelei Solway,0819317077,msevior1m@odnoklassniki.ru,59,Collector
Maitilde Allwell,0369308324,cseldner1n@feedburner.com,60,Collector
Matty Silkstone,0084344911,jhellard1o@bizjournals.com,61,Collector
Melicent Sevior,0932981207,wvasilmanov1p@marriott.com,62,Collector
Milty Pedro,0518746605,dpriscott1q@scientificamerican.com,63,Collector
Miof mela Bott,0527373955,gtenby1r@sfgate.com,64,Collector
Morty MacDermott,0177444781,gbonehill1s@bizjournals.com,65,Collector
Nelson Scotfurth,0039918495,creynoldson1t@twitter.com,66,Collector
Nettie Corradino,0164334703,lsolway1u@chicagotribune.com,67,Collector
Nikki Grelka,0903231327,bgiannini1v@mlb.com,68,Collector
Noel Grieg,0314220637,mmela1w@google.com,69,Collector
Norrie Filinkov,0966072372,sziemke1x@marriott.com,70,Collector
Orlan Keir,0031950956,rolden1y@elpais.com,71,Collector
Pammie Scay,0157704841,rbrookesbie1z@cnn.com,72,Collector
Panchito Spurway,0696573504,bhaisell20@clickbank.net,73,Collector
Petronilla Sadlier,0071384127,wsawday21@nature.com,74,Collector
Phip Guage,0965922235,pguage22@zdnet.com,75,Collector
Phyllis Firsby,0788070942,ngrieg23@macromedia.com,76,Collector
Pippo Trevers,0755039100,kbascomb24@mayoclinic.com,77,Collector
Rafe Masden,0967000912,lcaig25@time.com,78,Collector
Ranee Olden,0653719020,ggoodram26@cdc.gov,79,Collector
Reynold Kumaar,0045357392,ghoys27@wired.com,80,Collector
Roger Brookesbie,0474751952,zpetworth28@dmoz.org,81,Collector
Rosalinda Accomb,0168273595,rmuggleston29@symantec.com,82,Collector
Rowland Muggleston,0121314225,emaryska2a@answers.com,83,Collector
Royal Antic,0331254782,amicka2b@nifty.com,84,Collector
Rube Rosini,0051546497,lblagdon2c@mit.edu,85,Collector
Sallee Girton,0918382761,dparncutt2d@jalbum.net,86,Collector
Shepherd Ziemke,0006785057,lironside2e@google.com.hk,87,Collector
Skip Landis,0573013375,mmacdermott2f@histats.com,88,Collector
Stefanie Duberry,0256761149,amaccaghan2g@nymag.com,89,Collector
Stesha Daintith,0405157869,sgirton2h@trellian.com,90,Collector
Susette O'Gorman,0985127537,eattrie2i@springer.com,91,Collector
Tallia Bernardotti,0726765749,jmcconnal2j@imageshack.us,92,Collector
Teddy Cooke,0779475630,emeni2k@unc.edu,93,Collector
Teirtza Bernath,0366044861,ncorradino2l@netvibes.com,94,Collector
Weber Sawday,0961089178,rmasden2m@altervista.org,95,Collector
Wernher Vasilmanov,0891519967,clillyman2n@godaddy.com,96,Collector
Wiatt Boshier,0004541992,nfilinkov2o@japanpost.jp,97,Collector
Worth Channing,0516728131,crappport2p@cmu.edu,98,Collector
Yard Exter,0007811882,awills2q@ft.com,99,Collector
Zedekiah Petworth,0053251225,lmccabe2r@shareasale.com,100,Collector
